<?xml version="1.0"?>
<!--
  Licensed to the Apache Software Foundation (ASF) under one or more
  contributor license agreements.  See the NOTICE file distributed with
  this work for additional information regarding copyright ownership.
  The ASF licenses this file to You under the Apache License, Version 2.0
  (the "License"); you may not use this file except in compliance with
  the License.  You may obtain a copy of the License at
      http://www.apache.org/licenses/LICENSE-2.0
  Unless required by applicable law or agreed to in writing, software
  distributed under the License is distributed on an "AS IS" BASIS,
  WITHOUT WARRANTIES OR CONDITIONS OF ANY KIND, either express or implied.
  See the License for the specific language governing permissions and
  limitations under the License.
-->
<component>
    <dependencySets>
        <!-- Write out the bootstrap lib component to its own dir -->
        <dependencySet>
            <scope>runtime</scope>
            <useProjectArtifact>false</useProjectArtifact>
            <outputDirectory>lib/bootstrap</outputDirectory>
            <directoryMode>0770</directoryMode>
            <fileMode>0664</fileMode>
            <useTransitiveFiltering>true</useTransitiveFiltering>
            <includes>
                <include>nifi-bootstrap</include>
                <include>slf4j-api</include>
                <include>logback-classic</include>
                <include>nifi-api</include>
            </includes>
        </dependencySet>

        <!-- Write out the bootstrap libs for java11 to its own dir -->
        <!-- TODO: remove this dependency set once minimum Java version is 11 -->
        <dependencySet>
            <scope>runtime</scope>
            <useProjectArtifact>false</useProjectArtifact>
            <outputDirectory>lib/java11</outputDirectory>
            <directoryMode>0770</directoryMode>
            <fileMode>0664</fileMode>
            <useTransitiveFiltering>true</useTransitiveFiltering>
            <includes>
                <include>javax.xml.bind:jaxb-api</include>
                <include>com.sun.xml.bind:jaxb-impl</include>
                <include>com.sun.xml.bind:jaxb-core</include>
                <include>javax.activation:javax.activation-api</include>
                <include>javax.annotation:javax.annotation-api</include>
            </includes>
        </dependencySet>

        <!-- Write out the conf directory contents -->
        <dependencySet>
            <scope>runtime</scope>
            <useProjectArtifact>false</useProjectArtifact>
            <outputDirectory>./</outputDirectory>
            <directoryMode>0770</directoryMode>
            <fileMode>0664</fileMode>
            <useTransitiveFiltering>true</useTransitiveFiltering>
            <includes>
                <include>nifi-resources</include>
            </includes>
            <unpack>true</unpack>
            <unpackOptions>
                <filtered>true</filtered>
                <includes>
                    <include>conf/*</include>
                </includes>
            </unpackOptions>
        </dependencySet>

        <!-- Write out the bin directory contents -->
        <dependencySet>
            <scope>runtime</scope>
            <useProjectArtifact>false</useProjectArtifact>
            <outputDirectory>./</outputDirectory>
            <directoryMode>0770</directoryMode>
            <fileMode>0770</fileMode>
            <useTransitiveFiltering>true</useTransitiveFiltering>
            <includes>
                <include>nifi-resources</include>
            </includes>
            <unpack>true</unpack>
            <unpackOptions>
                <filtered>true</filtered>
                <includes>
                    <include>bin/*</include>
                </includes>
            </unpackOptions>
        </dependencySet>

        <!-- Writes out the docs directory contents -->
        <dependencySet>
            <scope>runtime</scope>
            <useProjectArtifact>false</useProjectArtifact>
            <outputDirectory>docs/</outputDirectory>
            <useTransitiveFiltering>true</useTransitiveFiltering>
            <includes>
                <include>nifi-docs</include>
            </includes>
            <unpack>true</unpack>
            <unpackOptions>
                <filtered>false</filtered>
                <excludes>
                    <!-- LICENSE and NOTICE both covered by top-level -->
                    <exclude>LICENSE</exclude>
                    <exclude>NOTICE</exclude>
                </excludes>
            </unpackOptions>
        </dependencySet>
    </dependencySets>
    <fileSets>
        <fileSet>
            <directory>.</directory>
            <outputDirectory>extensions</outputDirectory>
            <excludes>
                <exclude>*/**</exclude>
            </excludes>
        </fileSet>
    </fileSets>
    <files>
        <file>
            <source>./README.md</source>
            <outputDirectory>./</outputDirectory>
            <destName>README</destName>
            <fileMode>0644</fileMode>
            <filtered>true</filtered>
        </file>
        <file>
            <source>./LICENSE</source>
            <outputDirectory>./</outputDirectory>
            <destName>LICENSE</destName>
            <fileMode>0644</fileMode>
            <filtered>true</filtered>
        </file>
        <file>
            <source>./NOTICE</source>
            <outputDirectory>./</outputDirectory>
            <destName>NOTICE</destName>
            <fileMode>0644</fileMode>
            <filtered>true</filtered>
        </file>
    </files>
</component>